[{"id":3413,"title":"new pansionat","type":"pansionat","phone":"ЂРѕРІР°РЅРёРµ РјРµСЃС‚ РЅР° СЃР°Р№С‚Рµ РїР°РЅСЃРёРѕРЅР°С‚Р°.","address":"РђРґСЂРµСЃ: СѓР». РЁРєРѕР»СЊРЅР°СЏ Р–РµР»РµР·РЅС‹Р№ РџРѕСЂС‚, РҐРµСЂСЃРѕРЅСЃРєР°СЏ РѕР±Р»Р°СЃС‚СЊ, Р“РѕР»РѕРїСЂРёСЃС‚Р°РЅСЃРєРёР№ СЂР°Р№РѕРЅ","description":"РџР°РЅСЃРёРѕРЅР°С‚ \"Р’РѕР»РЅР°\" С„СѓРЅРєС†РёРѕРЅРёСЂСѓРµС‚ СЃ 1970Рі., СЂР°СЃРїРѕР»РѕР¶РµРЅ РЅР° РїРµСЂРІРѕР№ Р»РёРЅРёРё Р§РµСЂРЅРѕРјРѕСЂСЃРєРѕРіРѕ РїРѕР±РµСЂРµР¶СЊСЏ. РўРµСЂСЂРёС‚РѕСЂРёСЏ РїР°РЅСЃРёРѕРЅР°С‚Р° РїР»РѕС‰Р°РґСЊСЋ 7,8РіР° РїСЂРµРґСЃС‚Р°РІР»СЏРµС‚ СЃРѕР±РѕР№ С‡СѓРґРµСЃРЅС‹Р№ РґРµРЅРґСЂРѕРїР°СЂРє СЃ СЌРєР·РѕС‚РёС‡РµСЃРєРёРјРё СѓРіРѕР»РєР°РјРё РґР»СЏ РѕС‚РґС‹С…Р°, С‚РµРЅРёСЃС‚С‹РјРё Р°Р»Р»РµСЏРјЅСЃРёРѕРЅР°С‚Рµ СЂР°Р±РѕС‚Р°РµС‚ РјРµРґРїСѓРЅРєС‚, РІ С€С‚Р°С‚ РєРѕС‚РѕСЂРѕРіРѕ РІРІРµРґРµРЅС‹ РґРѕР»Р¶РЅРѕСЃС‚Рё РІСЂР°С‡Р° Рё РјРµРґСЃРµС‚СЂС‹ СЃ РєСЂСѓРіР»РѕСЃСѓС‚РѕС‡РЅС‹Рј РѕР±СЃР»СѓР¶РёРІР°РЅРёРµРј.","folder":"irina","distance":"300","children":true,"conditioner":true,"dush":true,"eat":false,"toilet":true,"tv":true,"wifi":false,"refrigeter":true,"swiming":false,"lat":"46.12316546842372","lng":"32.290213108062744","room":[{"id":3421,"title":"2С…-РјРµСЃС‚РЅС‹Р№ Рё 3С…-РјРµСЃС‚РЅС‹Р№ РЅРѕРјРµСЂ","folderImg":"twoekonom","conditioner":false,"dush":true,"toilet":true,"tv":true,"wifi":false,"refrigeter":true,"swiming":false,"image":[{"id":7373,"name":"primore_11.jpg"},{"id":7371,"name":"primore_9.jpg"},{"id":7375,"name":"primore_13.jpg"},{"id":7372,"name":"primore_10.jpg"},{"id":7374,"name":"primore_12.jpg"}],"price":[{"id":3425,"mounth":"СЃРµРЅС‚СЏР±СЂСЊ","price":"420"},{"id":3427,"mounth":"Р°РІРіСѓСЃС‚","price":"450"},{"id":3424,"mounth":"РёСЋР»СЊ","price":"450"},{"id":3423,"mounth":"РёСЋРЅСЊ","price":"420"},{"id":3426,"mounth":"РѕРєС‚СЏР±СЂСЊ","price":"-"},{"id":3422,"mounth":"РјР°Р№","price":"-"}]},{"id":3414,"title":"2С…-РјРµСЃС‚РЅС‹Р№ Рё 3С…-РјРµСЃС‚РЅС‹Р№ РЅРѕРјРµСЂ","folderImg":"twoekonom","conditioner":false,"dush":false,"toilet":false,"tv":false,"wifi":false,"refrigeter":true,"swiming":false,"image":[{"id":7369,"name":"primore_7.jpg"},{"id":7367,"name":"primore_5.jpg"},{"id":7368,"name":"primore_6.jpg"},{"id":7370,"name":"primore_8.jpg"}],"price":[{"id":3417,"mounth":"Р°РІРіСѓСЃС‚","price":"450"},{"id":3416,"mounth":"РѕРєС‚СЏР±СЂСЊ","price":"-"},{"id":3415,"mounth":"РёСЋР»СЊ","price":"450"},{"id":3418,"mounth":"СЃРµРЅС‚СЏР±СЂСЊ","price":"420"},{"id":3419,"mounth":"РјР°Р№","price":"-"},{"id":3420,"mounth":"РёСЋРЅСЊ","price":"420"}]},{"id":3428,"title":"2,               3 С…РјРµСЃС‚РЅС‹Р№РЅРѕРјРµСЂ","folderImg":"twoekonom","conditioner":true,"dush":true,"toilet":true,"tv":true,"wifi":false,"refrigeter":true,"swiming":false,"image":[{"id":7379,"name":"primore_17.jpg"},{"id":7377,"name":"primore_15.jpg"},{"id":7378,"name":"primore_16.jpg"},{"id":7376,"name":"primore_14.jpg"}],"price":[{"id":3431,"mounth":"РјР°Р№","price":"-"},{"id":3433,"mounth":"РёСЋР»СЊ","price":"520"},{"id":3429,"mounth":"Р°РІРіСѓСЃС‚","price":"520"},{"id":3430,"mounth":"РѕРєС‚СЏР±СЂСЊ","price":"-"},{"id":3432,"mounth":"РёСЋРЅСЊ","price":"500"},{"id":3434,"mounth":"СЃРµРЅС‚СЏР±СЂСЊ","price":"500"}]}],"image":[{"id":7365,"name":"primore_3.jpg"},{"id":7366,"name":"primore_4.jpg"},{"id":7363,"name":"primore_1.jpg"},{"id":7364,"name":"primore_2.jpg"},{"id":7362,"name":"ico.jpg"}]}]